{
  "jobs": [
    {
      "id": 1,
      "title": "Community Development Officer",
      "slug": "community-development-officer",
      "description": "Lead community development initiatives and coordinate with local stakeholders to implement constituency projects. Work closely with community leaders to identify development needs and implement sustainable solutions.",
      "company": "District Office",
      "location": "Central Office, Accra",
      "job_type": "full_time",
      "salary_range": "GHS 3,000 - 5,000 per month",
      "requirements": "Bachelor's degree in Social Sciences, Development Studies, or related field\nMinimum 2 years experience in community development\nStrong communication and organizational skills\nProficiency in Microsoft Office Suite\nValid driver's license",
      "responsibilities": "Coordinate community development projects\nLiaise with local leaders and stakeholders\nPrepare project reports and documentation\nMonitor project implementation and impact\nFacilitate community meetings and workshops",
      "application_deadline": "2025-02-28",
      "status": "published",
      "category": "administration",
      "experience_level": "mid",
      "applicants_count": 12,
      "created_at": "2025-01-01T09:00:00Z",
      "updated_at": "2025-01-01T09:00:00Z",
      "published_at": "2025-01-01T10:00:00Z"
    },
    {
      "id": 2,
      "title": "Youth Engagement Coordinator",
      "slug": "youth-engagement-coordinator",
      "description": "Develop and implement youth programs and initiatives to engage young people in constituency activities. Create opportunities for youth participation in community development and leadership programs.",
      "company": "Youth Development Unit",
      "location": "Community Center, Sefwi Wiawso",
      "job_type": "full_time",
      "salary_range": "GHS 2,500 - 4,000 per month",
      "requirements": "Diploma in Social Work, Education, or related field\nExperience working with youth programs\nKnowledge of youth development principles\nGood interpersonal and communication skills\nComputer literacy",
      "responsibilities": "Develop youth engagement programs\nOrganize youth workshops and events\nCoordinate with schools and youth groups\nMonitor program effectiveness\nPrepare activity reports",
      "application_deadline": "2025-03-15",
      "status": "published",
      "category": "social_services",
      "experience_level": "entry",
      "applicants_count": 8,
      "created_at": "2025-01-05T14:30:00Z",
      "updated_at": "2025-01-05T14:30:00Z",
      "published_at": "2025-01-05T15:00:00Z"
    },
    {
      "id": 3,
      "title": "Administrative Assistant - Internship",
      "slug": "admin-assistant-internship",
      "description": "Support administrative operations and gain experience in constituency management. Assist with office administration, documentation, and coordination of daily activities.",
      "company": "Constituency Office",
      "location": "Main Office, Sefwi Wiawso",
      "job_type": "internship",
      "salary_range": "GHS 800 - 1,200 per month",
      "requirements": "Currently pursuing or recently completed diploma/degree\nBasic computer skills\nGood organizational abilities\nProfessional communication skills\nWillingness to learn",
      "responsibilities": "Assist with administrative tasks\nManage office correspondence\nSupport event coordination\nMaintain filing systems\nProvide general office support",
      "application_deadline": "2025-01-31",
      "status": "published",
      "category": "administration",
      "experience_level": "entry",
      "applicants_count": 25,
      "created_at": "2024-12-20T11:15:00Z",
      "updated_at": "2024-12-20T11:15:00Z",
      "published_at": "2024-12-20T12:00:00Z"
    },
    {
      "id": 4,
      "title": "Project Monitoring & Evaluation Officer",
      "slug": "project-monitoring-evaluation-officer",
      "description": "Monitor and evaluate constituency development projects to ensure effective implementation and impact assessment. Track project progress and prepare comprehensive evaluation reports.",
      "company": "Development Planning Unit",
      "location": "District Office, Accra",
      "job_type": "full_time",
      "salary_range": "GHS 3,500 - 5,500 per month",
      "requirements": "Bachelor's degree in Statistics, Economics, or Development Studies\nMinimum 3 years experience in M&E\nProficiency in data analysis software\nStrong analytical and report writing skills\nExperience with development projects",
      "responsibilities": "Monitor project implementation\nConduct field assessments\nPrepare evaluation reports\nAnalyze project data\nProvide recommendations for improvement",
      "application_deadline": "2025-03-30",
      "status": "published",
      "category": "monitoring_evaluation",
      "experience_level": "mid",
      "applicants_count": 6,
      "created_at": "2025-01-10T08:45:00Z",
      "updated_at": "2025-01-10T08:45:00Z",
      "published_at": "2025-01-10T09:30:00Z"
    },
    {
      "id": 5,
      "title": "ICT Support Technician",
      "slug": "ict-support-technician",
      "description": "Provide technical support for ICT systems and equipment in constituency offices. Maintain computer systems, networks, and provide user support for staff.",
      "company": "ICT Department",
      "location": "Tech Hub, Sefwi Wiawso",
      "job_type": "full_time",
      "salary_range": "GHS 2,800 - 4,200 per month",
      "requirements": "Diploma in Computer Science or IT\n2+ years experience in IT support\nKnowledge of computer hardware and software\nNetwork troubleshooting skills\nCustomer service orientation",
      "responsibilities": "Provide technical support to staff\nMaintain computer systems and networks\nInstall and configure software\nTroubleshoot technical issues\nConduct user training sessions",
      "application_deadline": "2025-02-15",
      "status": "published",
      "category": "technical",
      "experience_level": "mid",
      "applicants_count": 15,
      "created_at": "2025-01-08T13:20:00Z",
      "updated_at": "2025-01-08T13:20:00Z",
      "published_at": "2025-01-08T14:00:00Z"
    },
    {
      "id": 6,
      "title": "Environmental Health Officer",
      "slug": "environmental-health-officer",
      "description": "Promote environmental health and sanitation in the constituency. Conduct inspections, educate communities on health practices, and coordinate environmental health programs.",
      "company": "Health & Sanitation Department",
      "location": "Health Center, Sefwi Wiawso",
      "job_type": "full_time",
      "salary_range": "GHS 3,200 - 4,800 per month",
      "requirements": "Degree in Environmental Health or Public Health\n2+ years experience in environmental health\nKnowledge of sanitation and hygiene standards\nCommunity mobilization skills\nValid professional certification",
      "responsibilities": "Conduct environmental health inspections\nEducate communities on health practices\nMonitor sanitation facilities\nCoordinate health campaigns\nPrepare health reports",
      "application_deadline": "2025-04-10",
      "status": "draft",
      "category": "health",
      "experience_level": "mid",
      "applicants_count": 0,
      "created_at": "2025-01-12T10:30:00Z",
      "updated_at": "2025-01-12T10:30:00Z"
    },
    {
      "id": 7,
      "title": "Community Outreach Coordinator",
      "slug": "community-outreach-coordinator",
      "description": "Coordinate community outreach programs and stakeholder engagement activities. Build relationships with community groups and facilitate communication between constituency office and residents.",
      "company": "Community Relations Unit",
      "location": "Community Office, Various Locations",
      "job_type": "contract",
      "salary_range": "GHS 4,000 - 6,000 per month",
      "requirements": "Bachelor's degree in Communications or Social Sciences\n3+ years experience in community outreach\nStrong networking and relationship building skills\nExcellent communication abilities\nProject management experience",
      "responsibilities": "Develop outreach strategies\nOrganize community events\nBuild stakeholder relationships\nFacilitate community consultations\nMonitor outreach impact",
      "application_deadline": "2025-02-20",
      "status": "published",
      "category": "communications",
      "experience_level": "senior",
      "applicants_count": 9,
      "created_at": "2025-01-03T16:45:00Z",
      "updated_at": "2025-01-03T16:45:00Z",
      "published_at": "2025-01-03T17:30:00Z"
    },
    {
      "id": 8,
      "title": "Finance Assistant",
      "slug": "finance-assistant",
      "description": "Support financial operations and budget management for constituency projects. Assist with financial reporting, budget tracking, and procurement processes.",
      "company": "Finance Department",
      "location": "Finance Office, Accra",
      "job_type": "full_time",
      "salary_range": "GHS 2,200 - 3,500 per month",
      "requirements": "Diploma in Accounting or Finance\n1+ years experience in finance/administration\nKnowledge of accounting principles\nProficiency in Excel and accounting software\nAttention to detail",
      "responsibilities": "Assist with budget preparation\nProcess financial transactions\nMaintain financial records\nSupport procurement processes\nPrepare financial reports",
      "application_deadline": "2025-03-05",
      "status": "published",
      "category": "finance",
      "experience_level": "entry",
      "applicants_count": 18,
      "created_at": "2025-01-07T09:15:00Z",
      "updated_at": "2025-01-07T09:15:00Z",
      "published_at": "2025-01-07T10:00:00Z"
    }
  ],
  "pagination": {
    "page": 1,
    "limit": 20,
    "total": 8,
    "total_pages": 1
  },
  "statistics": {
    "total_jobs": 8,
    "published_jobs": 7,
    "draft_jobs": 1,
    "closed_jobs": 0,
    "total_applicants": 93,
    "by_category": [
      { "category": "administration", "count": 2 },
      { "category": "social_services", "count": 1 },
      { "category": "monitoring_evaluation", "count": 1 },
      { "category": "technical", "count": 1 },
      { "category": "health", "count": 1 },
      { "category": "communications", "count": 1 },
      { "category": "finance", "count": 1 }
    ],
    "by_job_type": [
      { "job_type": "full_time", "count": 6 },
      { "job_type": "contract", "count": 1 },
      { "job_type": "internship", "count": 1 }
    ],
    "by_experience_level": [
      { "experience_level": "entry", "count": 3 },
      { "experience_level": "mid", "count": 4 },
      { "experience_level": "senior", "count": 1 }
    ]
  }
}
