{
  "ideas": [
    {
      "id": 1,
      "title": "Install Solar Street Lights in Market Area",
      "slug": "install-solar-street-lights",
      "description": "The market area lacks proper lighting at night, making it unsafe for traders and customers. Installing solar-powered street lights would significantly improve security, extend trading hours, and create a safer environment for the community. The lights would be maintenance-free and environmentally friendly.",
      "category": "infrastructure",
      "submitter_name": "Kwame Mensah",
      "submitter_email": "kwame.m@email.com",
      "submitter_contact": "+233244123456",
      "status": "under_review",
      "votes": 45,
      "created_at": "2025-01-02T10:30:00Z",
      "estimated_cost": "GHS 25,000 - 35,000",
      "priority": "high",
      "location": "Central Market Area"
    },
    {
      "id": 2,
      "title": "Community Computer Training Center",
      "slug": "community-computer-training",
      "description": "Establish a dedicated computer training center in the constituency to teach digital skills to youth and adults. Many residents lack basic computer knowledge and digital literacy skills, which are essential for employment and modern communication. The center would offer courses in basic computing, internet usage, and professional software applications.",
      "category": "education",
      "submitter_name": "Abena Osei",
      "submitter_email": "abena.o@email.com",
      "submitter_contact": "+233244567890",
      "status": "approved",
      "votes": 78,
      "admin_notes": "Approved for implementation in Q2 2025. Budget allocated from constituency development fund. Partnership with local tech companies secured.",
      "created_at": "2024-12-15T14:20:00Z",
      "reviewed_at": "2025-01-05T09:15:00Z",
      "estimated_cost": "GHS 45,000 - 60,000",
      "priority": "medium",
      "location": "Community Center Building",
      "implementation_timeline": "3-6 months"
    },
    {
      "id": 3,
      "title": "Mobile Health Clinic for Remote Villages",
      "slug": "mobile-health-clinic",
      "description": "A mobile health clinic that visits remote villages on a weekly schedule would greatly improve healthcare access for residents who cannot travel to the main hospital. The clinic would provide basic medical services, health screenings, vaccinations, and health education. This would address the healthcare gap in underserved communities.",
      "category": "healthcare",
      "submitter_name": "Dr. Kofi Asante",
      "submitter_email": "k.asante@email.com",
      "submitter_contact": "+233244987654",
      "status": "pending",
      "votes": 92,
      "created_at": "2025-01-08T16:45:00Z",
      "estimated_cost": "GHS 80,000 - 120,000",
      "priority": "high",
      "location": "Multiple remote villages",
      "target_beneficiaries": "500+ residents"
    },
    {
      "id": 4,
      "title": "Youth Sports Tournament",
      "slug": "youth-sports-tournament",
      "description": "Organize annual inter-community sports tournaments for youth to promote healthy living, community bonding, and talent development. The tournaments would include football, basketball, and athletics, bringing together young people from different communities and fostering positive relationships.",
      "category": "social",
      "submitter_name": "Emmanuel Darko",
      "submitter_email": "e.darko@email.com",
      "submitter_contact": "+233244321098",
      "status": "implemented",
      "votes": 34,
      "admin_notes": "Successfully implemented in December 2024. Great turnout with 200+ participants! First annual tournament completed. Planning for 2025 edition already underway.",
      "created_at": "2024-11-20T11:00:00Z",
      "reviewed_at": "2024-11-25T13:30:00Z",
      "implemented_at": "2024-12-15T09:00:00Z",
      "estimated_cost": "GHS 8,000 - 12,000",
      "priority": "low",
      "location": "Community Sports Ground",
      "participants": "200+ youth"
    },
    {
      "id": 5,
      "title": "School Feeding Program Enhancement",
      "slug": "school-feeding-program-enhancement",
      "description": "Enhance the existing school feeding program by incorporating locally sourced, nutritious foods and expanding coverage to more schools. This would improve child nutrition, school attendance rates, and support local farmers by creating demand for their produce.",
      "category": "education",
      "submitter_name": "Grace Adomako",
      "submitter_email": "g.adomako@email.com",
      "submitter_contact": "+233244654321",
      "status": "under_review",
      "votes": 67,
      "created_at": "2025-01-10T08:15:00Z",
      "estimated_cost": "GHS 150,000 - 200,000",
      "priority": "high",
      "location": "All primary schools in constituency",
      "target_beneficiaries": "2,000+ school children"
    },
    {
      "id": 6,
      "title": "Community Waste Management System",
      "slug": "community-waste-management",
      "description": "Implement a comprehensive waste management system with regular collection, recycling centers, and community education on waste reduction. This would improve environmental cleanliness, reduce disease vectors, and create employment opportunities in waste collection and recycling.",
      "category": "environment",
      "submitter_name": "Samuel Boateng",
      "submitter_email": "s.boateng@email.com",
      "submitter_contact": "+233244789012",
      "status": "approved",
      "votes": 89,
      "admin_notes": "Approved for pilot implementation in 3 communities. Environmental assessment completed. Partnership with waste management company secured.",
      "created_at": "2024-12-28T12:00:00Z",
      "reviewed_at": "2025-01-12T10:45:00Z",
      "estimated_cost": "GHS 35,000 - 50,000",
      "priority": "medium",
      "location": "Pilot: 3 communities, Scale: All communities",
      "implementation_timeline": "6-12 months"
    },
    {
      "id": 7,
      "title": "Digital Skills Training for Women",
      "slug": "digital-skills-women",
      "description": "Provide specialized digital skills training programs targeted at women in the constituency. Focus on practical skills like online business management, digital marketing, and e-commerce platforms to empower women economically and bridge the digital gender gap.",
      "category": "education",
      "submitter_name": "Fatima Alhassan",
      "submitter_email": "f.alhassan@email.com",
      "submitter_contact": "+233244135792",
      "status": "pending",
      "votes": 56,
      "created_at": "2025-01-14T15:30:00Z",
      "estimated_cost": "GHS 20,000 - 30,000",
      "priority": "medium",
      "location": "Women's Center & Online",
      "target_beneficiaries": "150+ women"
    },
    {
      "id": 8,
      "title": "Road Infrastructure Improvement",
      "slug": "road-infrastructure-improvement",
      "description": "Improve road infrastructure in high-traffic areas with proper drainage, street lighting, and pedestrian walkways. Focus on the main commercial district and school routes to enhance safety and economic activity.",
      "category": "infrastructure",
      "submitter_name": "Joseph Nkrumah",
      "submitter_email": "j.nkrumah@email.com",
      "submitter_contact": "+233244246813",
      "status": "under_review",
      "votes": 103,
      "created_at": "2025-01-06T09:45:00Z",
      "estimated_cost": "GHS 500,000 - 750,000",
      "priority": "high",
      "location": "Main commercial district & school routes",
      "implementation_timeline": "12-18 months"
    }
  ],
  "pagination": {
    "page": 1,
    "limit": 20,
    "total": 8,
    "total_pages": 1
  },
  "statistics": {
    "total_ideas": 8,
    "approved_ideas": 2,
    "pending_ideas": 2,
    "under_review_ideas": 3,
    "implemented_ideas": 1,
    "total_votes": 564,
    "by_category": {
      "infrastructure": 2,
      "education": 3,
      "healthcare": 1,
      "social": 1,
      "environment": 1
    },
    "by_status": {
      "pending": 2,
      "under_review": 3,
      "approved": 2,
      "implemented": 1
    },
    "by_priority": {
      "high": 4,
      "medium": 3,
      "low": 1
    }
  }
}
